item_id,stage,score,source,source_type,title,source_url,offer_key,offer_fit,sales_route,cta_label,cta_destination,contact_email,business_name,business_url,reply_subject,reply_draft,follow_up_draft
7cad77e02dd47c6d,hot,13,WordPress Support - Schema & Structured Data for WP & AMP,forum,Missing field ‘mainEntity’ in FAQ schema,https://wordpress.org/support/topic/missing-field-mainentity-in-faq-schema,direct_service,Done-for-you / service,email_contact,Email for direct help,mailto:schemaagent@gmail.com,schemaagent@gmail.com,,,Best fit for: Missing field ‘mainEntity’ in FAQ schema,"Here’s the fastest route I’d take.

This looks more hands-on than a template-only fix. If you want direct help with missing_schema, faq_schema, email schemaagent@gmail.com.

Treat this as a direct service lead first.

Best next step: email schemaagent@gmail.com with the page URL and the exact issue.",Just following up in case you still want hands-on schema help for your setup. You can reach me at schemaagent@gmail.com.
77d7ea9726114f34,hot,12,Reddit /r/TechSEO,forum,Do you need a Google Review Feed for star ratings in SERPs?,https://www.reddit.com/r/TechSEO/comments/1sr4okq/do_you_need_a_google_review_feed_for_star_ratings,direct_service,Done-for-you / service,email_contact,Email for direct help,mailto:schemaagent@gmail.com,schemaagent@gmail.com,,,Best fit for: Do you need a Google Review Feed for star ratings in SERPs?,"Here’s the fastest route I’d take.

This looks more hands-on than a template-only fix. If you want direct help with structured data visibility, email schemaagent@gmail.com.

Respond as hands-on implementation help for an active schema problem.

Best next step: email schemaagent@gmail.com with the page URL and the exact issue.",Just following up in case you still want hands-on schema help for your setup. You can reach me at schemaagent@gmail.com.
a6af228c4d600e8d,warm,11,Reddit /r/woocommerce,forum,Feels like WooCommerce is quietly becoming the infrastructure for AI agents,https://www.reddit.com/r/woocommerce/comments/1sugrbp/feels_like_woocommerce_is_quietly_becoming_the,ai_generator,AI Generator,forum_reply,Open the AI Generator,https://schemaagent.gumroad.com/l/wikuuu,schemaagent@gmail.com,,,Best fit for: Feels like WooCommerce is quietly becoming the infrastructur,"You can solve this without overcomplicating the build.

This looks like repeatable schema work on woocommerce. If you want faster JSON-LD output without filling templates manually, the AI Generator is the better fit.

Position it as faster schema output for recurring implementation work.

Best next step: https://schemaagent.gumroad.com/l/wikuuu",Following up in case you still want the quickest route to get this live for your setup. Best fit: https://schemaagent.gumroad.com/l/wikuuu
9855791d01ea1633,warm,9,WordPress Support - Schema & Structured Data for WP & AMP,forum,JSON-LD Product Schema syntax issues (Data Types & Case Sensitivity,https://wordpress.org/support/topic/json-ld-product-schema-syntax-issues-data-types-case-sensitivity,ai_visibility_kit,AI Visibility Kit,forum_reply,Get the AI Visibility Kit,https://schemaagent.gumroad.com/l/rfces,schemaagent@gmail.com,,,Best fit for: JSON-LD Product Schema syntax issues (Data Types & Case Sens,"You can solve this without overcomplicating the build.

It looks like the fastest fix here is a simple schema implementation path for your site. If you want a no-code shortcut for product_schema, the AI Visibility Kit is the best fit.

Lead with a lightweight, lower-friction offer.

Best next step: https://schemaagent.gumroad.com/l/rfces",Following up in case you still want the quickest route to get this live for your setup. Best fit: https://schemaagent.gumroad.com/l/rfces
edc10e191b0d9746,watch,6,WordPress Support - Schema & Structured Data for WP & AMP,forum,How can I pull ld+json from one post to another?,https://wordpress.org/support/topic/how-can-i-pull-ldjson-from-one-post-to-another,ai_visibility_kit,AI Visibility Kit,forum_reply,Get the AI Visibility Kit,https://schemaagent.gumroad.com/l/rfces,schemaagent@gmail.com,,,Best fit for: How can I pull ld+json from one post to another?,"You can solve this without overcomplicating the build.

It looks like the fastest fix here is a simple schema implementation path for your site. If you want a no-code shortcut for structured data visibility, the AI Visibility Kit is the best fit.

Lead with a lightweight, lower-friction offer.

Best next step: https://schemaagent.gumroad.com/l/rfces",Following up in case you still want the quickest route to get this live for your setup. Best fit: https://schemaagent.gumroad.com/l/rfces
02801cb48733b6cb,watch,6,WordPress Support - Schema & Structured Data for WP & AMP,forum,How plugin load schema markup in theme?,https://wordpress.org/support/topic/how-plugin-load-schema-markup-in-theme,ai_visibility_kit,AI Visibility Kit,forum_reply,Get the AI Visibility Kit,https://schemaagent.gumroad.com/l/rfces,schemaagent@gmail.com,,,Best fit for: How plugin load schema markup in theme?,"You can solve this without overcomplicating the build.

It looks like the fastest fix here is a simple schema implementation path for your site. If you want a no-code shortcut for structured data visibility, the AI Visibility Kit is the best fit.

Lead with a lightweight, lower-friction offer.

Best next step: https://schemaagent.gumroad.com/l/rfces",Following up in case you still want the quickest route to get this live for your setup. Best fit: https://schemaagent.gumroad.com/l/rfces
14b111b851cc8fe5,watch,6,Google Search Central Community - Structured Data,forum,Not able to preview the structured data,https://support.google.com/webmasters/thread/237836804/not-able-to-preview-the-structured-data?hl=en,ai_visibility_kit,AI Visibility Kit,forum_reply,Get the AI Visibility Kit,https://schemaagent.gumroad.com/l/rfces,schemaagent@gmail.com,,,Best fit for: Not able to preview the structured data,"You can solve this without overcomplicating the build.

It looks like the fastest fix here is a simple schema implementation path for your site. If you want a no-code shortcut for structured data visibility, the AI Visibility Kit is the best fit.

Lead with a lightweight, lower-friction offer.

Best next step: https://schemaagent.gumroad.com/l/rfces",Following up in case you still want the quickest route to get this live for your setup. Best fit: https://schemaagent.gumroad.com/l/rfces
a548be9dc82b178a,watch,5,WordPress Support - Schema & Structured Data for WP & AMP,forum,FAQ schema disappeard from every post,https://wordpress.org/support/topic/faq-schema-disappeard-from-every-post,ai_visibility_kit,AI Visibility Kit,forum_reply,Get the AI Visibility Kit,https://schemaagent.gumroad.com/l/rfces,schemaagent@gmail.com,,,Best fit for: FAQ schema disappeard from every post,"You can solve this without overcomplicating the build.

It looks like the fastest fix here is a simple schema implementation path for your site. If you want a no-code shortcut for faq_schema, the AI Visibility Kit is the best fit.

Lead with a lightweight, lower-friction offer.

Best next step: https://schemaagent.gumroad.com/l/rfces",Following up in case you still want the quickest route to get this live for your setup. Best fit: https://schemaagent.gumroad.com/l/rfces
